5,SEBASTIAN VETTEL,FERRARI,HAS CONTRACT
7,KIMI RAIKKONEN,FERRARI,HAS CONTRACT
11,SERGIO PEREZ,FORCE INDIA,HAS CONTRACT
27,NICO HULKENBERG,FORCE INDIA,HAS CONTRACT
8,ROMAIN GROSJEAN,LOTUS,HAS CONTRACT
13,PASTOR MALDONADO,LOTUS,HAS CONTRACT
30,JOLYON PALMER,LOTUS,THIRD DRIVER
28,WILL STEVENS,MARUSSIA,HAS CONTRACT
53,ALEXANDER ROSSI,MARUSSIA,THIRD DRIVER
98,ROBERTO MERHI,MARUSSIA,HAS CONTRACT
14,FERNANDO ALONSO,MCLAREN,HAS CONTRACT
20,KEVIN MAGNUSSEN,MCLAREN,THIRD DRIVER
22,JENSON BUTTON,MCLAREN,HAS CONTRACT
6,NICO ROSBERG,MERCEDES,HAS CONTRACT
44,LEWIS HAMILTON,MERCEDES,HAS CONTRACT
3,DANIEL RICCIARDO,RED BULL RACING,HAS CONTRACT
26,DANIIL KVYAT,RED BULL RACING,HAS CONTRACT
9,MARCUS ERICSSON,SAUBER,HAS CONTRACT
12,FELIPE NASR,SAUBER,HAS CONTRACT
36,RAFFAELE MARCIELLO,SAUBER,THIRD DRIVER
33,MAX VERSTAPPEN,TORO ROSSO,HAS CONTRACT
55,CARLOS SAINZ,TORO ROSSO,HAS CONTRACT
19,FELIPE MASSA,WILLIAMS,HAS CONTRACT
41,SUSIE WOLFF,WILLIAMS,THIRD DRIVER
77,VALTTERI BOTTAS,WILLIAMS,HAS CONTRACT
,,,
,,,
,,,
,,,
,,,
